-- MySQL dump 10.13  Distrib 5.6.30, for Linux (x86_64)
--
-- Host: localhost    Database: waf
-- ------------------------------------------------------
-- Server version	5.6.30

/*!40101 SET @OLD_CHARACTER_SET_CLIENT=@@CHARACTER_SET_CLIENT */;
/*!40101 SET @OLD_CHARACTER_SET_RESULTS=@@CHARACTER_SET_RESULTS */;
/*!40101 SET @OLD_COLLATION_CONNECTION=@@COLLATION_CONNECTION */;
/*!40101 SET NAMES utf8 */;
/*!40103 SET @OLD_TIME_ZONE=@@TIME_ZONE */;
/*!40103 SET TIME_ZONE='+00:00' */;
/*!40014 SET @OLD_UNIQUE_CHECKS=@@UNIQUE_CHECKS, UNIQUE_CHECKS=0 */;
/*!40014 SET @OLD_FOREIGN_KEY_CHECKS=@@FOREIGN_KEY_CHECKS, FOREIGN_KEY_CHECKS=0 */;
/*!40101 SET @OLD_SQL_MODE=@@SQL_MODE, SQL_MODE='NO_AUTO_VALUE_ON_ZERO' */;
/*!40111 SET @OLD_SQL_NOTES=@@SQL_NOTES, SQL_NOTES=0 */;

--
-- Table structure for table `sys_user_menu`
--

DROP TABLE IF EXISTS `sys_user_menu`;
/*!40101 SET @saved_cs_client     = @@character_set_client */;
/*!40101 SET character_set_client = utf8 */;
CREATE TABLE `sys_user_menu` (
  `id` int(11) NOT NULL AUTO_INCREMENT COMMENT '主键',
  `name` varchar(30) DEFAULT NULL COMMENT '菜单名',
  `parent_id` int(11) DEFAULT '0' COMMENT '父ID，为0是顶级菜单',
  `display_child` tinyint(1) DEFAULT '0',
  `url` varchar(300) DEFAULT '' COMMENT '访问地址',
  `enable` tinyint(1) DEFAULT '1' COMMENT '是否启用，1：true,0:false',
  `sort` int(5) DEFAULT '1' COMMENT '排序',
  `descr` varchar(300) DEFAULT '' COMMENT '描述',
  `icon_class` char(30) NOT NULL DEFAULT '',
  PRIMARY KEY (`id`),
  KEY `idx_parent_id` (`parent_id`) USING BTREE
) ENGINE=InnoDB AUTO_INCREMENT=479 DEFAULT CHARSET=utf8;
/*!40101 SET character_set_client = @saved_cs_client */;

--
-- Dumping data for table `sys_user_menu`
--

LOCK TABLES `sys_user_menu` WRITE;
/*!40000 ALTER TABLE `sys_user_menu` DISABLE KEYS */;
INSERT INTO `sys_user_menu` VALUES (1,'开发人员使用',0,1,'开发人员使用',1,1,'',''),(2,'测试菜单(不开放)日志',0,1,'测试菜单(不开放)',0,0,'','test'),(3,'上传',0,0,'上传',0,0,'',''),(4,'个人设置',0,1,'个人设置',0,0,'',''),(5,'菜单权限管理',1,0,'sys-user-menu/index',1,1,'',''),(6,'查看',5,0,'sys-user-menu/view',1,1,'',''),(7,'获取单个权限信息',5,0,'sys-user-menu/one',1,1,'',''),(8,'添加',5,0,'sys-user-menu/create',1,1,'',''),(9,'更新',5,0,'sys-user-menu/update',1,1,'',''),(10,'删除',5,0,'sys-user-menu/delete',1,1,'',''),(11,'缓存管理',1,0,'cache/index',1,NULL,'',''),(12,'清除缓存',11,0,'cache/clean-cache',1,NULL,'',''),(13,'组/用户',1,0,'sys-user-group/index',1,1,'',''),(14,'查看',13,0,'sys-user-group/view',1,NULL,'',''),(15,'添加',13,0,'sys-user-group/create',1,NULL,'',''),(16,'更新',13,0,'sys-user-group/update',1,NULL,'',''),(17,'删除',13,0,'sys-user-group/delete',1,NULL,'',''),(18,'权限查看',13,0,'sys-user-group/authority',1,NULL,'',''),(19,'权限修改',13,0,'sys-user-group/authority-modify',1,NULL,'',''),(20,'账号管理',89,0,'sys-user/index',1,3,'',''),(21,'查看',20,0,'sys-user/view',0,NULL,'',''),(22,'添加',20,0,'sys-user/create',1,NULL,'',''),(23,'更新',20,0,'sys-user/update',1,NULL,'',''),(24,'删除',20,0,'sys-user/delete',1,NULL,'',''),(25,'管理日志',2,0,'log-admin/index',1,NULL,'',''),(26,'查看',25,0,'log-admin/view',1,NULL,'',''),(27,'系统日志',2,0,'log-sys/index',1,NULL,'',''),(28,'查看',27,0,'log-sys/view',1,NULL,'',''),(29,'上传文件',3,0,'upload/index',1,NULL,'',''),(30,'编译器上传',3,0,'upload/ueditor-img',1,NULL,'',''),(31,'修改资料',4,0,'sys-user-config/modify-info',1,NULL,'',''),(32,'数据管理',0,1,'数据管理',0,0,'',''),(33,'数据库',32,0,'fetch-task/index',1,3,'',''),(34,'查看',33,0,'fetch-task/view',1,NULL,'',''),(35,'添加',33,0,'fetch-task/create',1,NULL,'',''),(36,'更新',33,0,'fetch-task/update',1,NULL,'',''),(37,'删除',33,0,'fetch-task/delete',1,NULL,'',''),(38,'数据表',32,0,'fetch-task-item/index',1,2,'',''),(39,'查看',38,0,'fetch-task-item/view',1,NULL,'',''),(40,'添加',38,0,'fetch-task-item/create',1,NULL,'',''),(41,'更新',38,0,'fetch-task-item/update',1,NULL,'',''),(42,'删除',38,0,'fetch-task-item/delete',1,NULL,'',''),(43,'数据管理模型',32,0,'fetch-auto-model/index',2,1,'',''),(44,'查看',43,0,'fetch-auto-model/view',1,NULL,'',''),(45,'添加',43,0,'fetch-auto-model/create',1,NULL,'',''),(46,'更新',43,0,'fetch-auto-model/update',1,NULL,'',''),(47,'删除',43,0,'fetch-auto-model/delete',1,NULL,'',''),(48,'安装库',33,0,'fetch-task/install-base',1,NULL,'',''),(49,'搜索',43,0,'fetch-auto-model/search-result',1,NULL,'',''),(50,'配置表',33,0,'fetch-task/config-table',1,NULL,'',''),(51,'网络配置',0,1,'网络配置',1,2,'','wlsz'),(52,'网口配置',51,0,'/Network/NetPort.htm5',1,1,'',''),(53,'端口镜像',51,0,'/Network/PortMirror.htm5',1,2,'',''),(54,'虚拟线',51,0,'/Network/VirtualLine.htm5',1,3,'',''),(55,'桥设备',51,0,'/Network/BridgeDevice.htm5',1,4,'',''),(56,'拨号设备',51,0,'/Network/DialDevice.htm5',1,7,'',''),(57,'端口聚合',51,0,'/Network/PortAggregation.htm5',1,8,'',''),(58,'VLAN设备',51,0,'/Network/VlanDevice.htm5',1,9,'',''),(59,'DHCP',51,0,'/Network/DHCP.htm5',1,10,'',''),(60,'DNS设置',51,0,'/Network/DnsSetting.htm5',1,11,'',''),(61,'IPV6隧道配置',51,0,'/Ipvtunnelset/Index.htm5',1,12,'',''),(62,'NAT64配置',51,0,'/Natsetting/Index.htm5',1,13,'',''),(63,'路由配置',0,1,'路由配置',1,3,'','lysz'),(64,'ECMP',63,0,'/Ecmp/Index.htm5',1,NULL,'',''),(65,'静态路由',63,0,'/Network/StaticRoute.htm5',1,NULL,'',''),(66,'策略路由',63,0,'/Network/StrategyRoute.htm5',1,NULL,'',''),(67,'ISP路由',63,0,'/Network/IspRoute.htm5',1,NULL,'',''),(68,'动态路由',63,0,'/Network/DynamicRoute.htm5',1,NULL,'',''),(69,'对象定义',0,1,'对象定义',1,4,'','dxdy'),(70,'IP/IP组',69,0,'/Objectdefine/addressManagement.htm5',1,NULL,'',''),(71,'ISP地址',69,0,'/Objectdefine/IspAddress.htm5',1,NULL,'',''),(72,'服务/组',69,0,'/Objectdefine/Service.htm5',1,NULL,'',''),(73,'URL类型组',69,0,'/Objectdefine/UrlType.htm5',1,NULL,'',''),(74,'文件类型组',69,0,'/Objectdefine/FileType.htm5',1,NULL,'',''),(75,'时间计划',69,0,'/Objectdefine/TimePlan.htm5',1,NULL,'',''),(76,'自定义IPS规则库',69,0,'/Objectdefine/IpsRuleLib.htm5',0,NULL,'',''),(77,'WEB应用防护规则库',69,0,'/Objectdefine/SafeRuleLib.htm5',0,NULL,'',''),(78,'防火墙',0,1,'防火墙',1,5,'','fhq'),(79,'安全策略',78,0,'/Searitystrate/Index.htm5',1,NULL,'',''),(80,'NAT',78,0,'/Nat/Index.htm5',1,NULL,'',''),(81,'连接数控制',78,0,'/Connectnum/Index.htm5',1,NULL,'',''),(82,'DOS/DDOS防护',78,0,'/Ddos/Index.htm5',0,NULL,'',''),(83,'会话管理',78,1,'会话管理',1,NULL,'',''),(84,'会话控制',83,0,'/Fwsession/Control.htm5',1,NULL,'',''),(85,'连接排行榜',83,0,'/Fwsession/Connetrank.htm5',1,NULL,'',''),(86,'会话状态',83,0,'/Fwsession/Sessionstatus.htm5',1,NULL,'',''),(87,'IP-MAC绑定配置',78,0,'/Ipmac/index',1,NULL,'',''),(88,'联动',78,0,'/Linkage/Index.htm5',0,NULL,'',''),(89,'用户管理',0,1,'用户管理',1,6,'','yhgl'),(90,'组/用户',89,0,'/Users/GroupsUsers.htm5',1,1,'',''),(91,'用户认证',89,0,'/Users/UserAuthentication.htm5',1,2,'',''),(92,'安全防护',0,0,'安全防护',0,7,'','aqfh'),(93,'URL过滤',92,1,'URL过滤',0,NULL,'',''),(94,'URL过滤策略',93,0,'/Urlfilter/Index.htm5',1,NULL,'',''),(95,'URL黑名单',93,0,'/Urlsecurity/Black.htm5',1,NULL,'',''),(96,'URL白名单',93,0,'/Urlsecurity/White.htm5',1,NULL,'',''),(97,'入侵防护',92,0,'/Ips/Index.htm5',0,NULL,'',''),(98,'web应用防护',92,0,'/Webapp/Index.htm5',0,NULL,'',''),(99,'病毒防护',92,1,'病毒防护',1,NULL,'',''),(100,'基本配置',99,0,'/Maliciouscode/EvilProtectedSet.htm5',1,NULL,'',''),(101,'防病毒策略设置',99,0,'/Maliciouscode/EvilIndex.htm5',1,NULL,'',''),(102,'信息泄漏防护',92,1,'信息泄漏防护',1,NULL,'',''),(103,'关键词过滤',102,0,'/Keywordfilter/Index.htm5',0,NULL,'',''),(104,'文件过滤',102,0,'/Filefilter/Index.htm5',1,NULL,'',''),(105,'虚拟专网',0,1,'虚拟专网',1,8,'','xnzw'),(106,'SSL VPN',105,1,'SSL VPN',1,NULL,'',''),(107,'基本配置',106,0,'/Sslvpn/Setting.htm5',1,NULL,'',''),(108,'服务管理',106,0,'/Bdsslvpn/Service.htm5',1,NULL,'',''),(109,'用户配置',106,0,'/Bdsslvpn/User.htm5',1,NULL,'',''),(110,'IPSEC VPN',105,1,'IPSEC VPN',1,NULL,'',''),(111,'本地子网',110,0,'/Ipsec/Netindex.htm5',1,NULL,'',''),(112,'网口配置',110,0,'/Ipsec/Netport.htm5',1,NULL,'',''),(113,'分支对接',110,0,'/Ipsecbranch/Index.htm5',1,NULL,'',''),(114,'IPSEC监控管理',110,0,'/Ipsec/Monitor.htm5',1,NULL,'',''),(115,'L2TP VPN',105,1,'L2TP VPN',1,NULL,'',''),(116,'基本配置',115,0,'/Bdl2tpvpn/Setting.htm5',1,NULL,'',''),(117,'监控管理',115,0,'/Bdl2tpvpn/Monitor.htm5',1,NULL,'',''),(118,'服务管理',115,0,'/Bdl2tpvpn/Service.htm5',1,NULL,'',''),(119,'用户配置',115,0,'/Bdl2tpvpn/User.htm5',1,NULL,'',''),(120,'虚拟池IP',115,0,'/Ipsec/VirtualNet.htm5',1,NULL,'',''),(121,'NAT 穿越',105,1,'NAT 穿越',1,NULL,'',''),(122,'中心节点',121,0,'/Ntn/Center.htm5',1,NULL,'',''),(123,'边缘节点',121,0,'/Ntn/Edge.htm5',1,NULL,'',''),(124,'GRE隧道',105,0,'/Gre/Index.htm5',1,NULL,'',''),(125,'流量管理',0,1,'流量管理',1,9,'','llgl'),(126,'虚拟线路',125,0,'/Virtualline/Index.htm5',1,NULL,'',''),(127,'通道配置',125,0,'/Socketset/Index.htm5',1,NULL,'',''),(128,'智能防护',0,1,'智能防护',1,10,'','znfh'),(129,'策略自动演进',128,0,'/Autorqrule/Index.htm5',1,NULL,'',''),(130,'蜜罐',128,0,'/Honeypot/Index.htm5',1,NULL,'',''),(131,'反向拍照',128,0,'/Revcamera/Index.htm5',1,NULL,'',''),(132,'防扫描',128,0,'/Revscan/Index.htm5',1,NULL,'',''),(133,'日志管理',0,1,'报表日志',1,11,'','rzgl'),(145,'报表统计',211,0,'/Report/Index.htm5',1,NULL,'',''),(149,'日志任务',0,0,'/Exportlog/Index.htm5',0,12,'','rzrw'),(150,'系统',0,1,'系统',1,1,'','xt'),(151,'管理员帐号',150,0,'/Account/Index.htm5',0,NULL,'',''),(152,'系统配置',150,1,'/Systemsetting/Index.htm5',1,NULL,'',''),(153,'系统维护',150,1,'/Systemmaintenance/Index.htm5',1,NULL,'',''),(154,'高可用性',150,0,'/Ha/Index.htm5',1,NULL,'',''),(155,'检测登录状态',0,0,'site/index',2,NULL,'',''),(156,'安全管理',0,1,'安全管理',1,13,'','aqgl'),(157,'配置管理',156,1,'配置管理',1,NULL,'',''),(158,'基本参数设置',157,0,'base-config/config',1,NULL,'',''),(160,'站点组管理',157,1,'web-site/index',1,NULL,'',''),(161,'新增',160,0,'web-site/create',1,NULL,'',''),(162,'更新',160,0,'web-site/update',1,NULL,'',''),(163,'删除',160,0,'web-site/delete',1,NULL,'',''),(177,'HA端口及参数配置',152,0,'ha-setting/index',0,NULL,'',''),(178,'更新',177,0,'ha-setting/update',0,NULL,'',''),(181,'通知配置',152,1,'mail-set/config',1,NULL,'',''),(187,'规则升级',153,0,'upgrade/config',1,NULL,'',''),(188,'报警设置',152,1,'mail-alert/config',1,NULL,'',''),(190,'ssh开关',153,1,'waf-ssh/config',1,NULL,'',''),(192,'应急支持',153,1,'refresh-zip/config',1,NULL,'',''),(196,'配置管理',153,1,'deal-config/config',1,NULL,'',''),(198,'磁盘清理',153,1,'disk-clear/config',1,NULL,'',''),(204,'登录配置',89,0,'sys-login-config/config',1,4,'',''),(205,'接入控制',89,0,'sys-join-up/index',1,5,'',''),(209,'系统升级',153,1,'sys-up/config',1,NULL,'',''),(211,'报表管理',0,1,'报表管理报表管理',1,14,'','bbgl'),(212,'攻击报表',211,0,'report-attack/index',1,NULL,'',''),(213,'访问流量报表',211,0,'report-visit-flow/index',1,NULL,'',''),(214,'即时报表',211,0,'report-immediately/index',1,NULL,'',''),(215,'定期报表',211,0,'report-timer/index',1,NULL,'',''),(216,'报表管理',211,0,'report-manage/index',1,NULL,'',''),(220,'规则配置',156,1,'规则配置',1,NULL,'',''),(221,'高级设置',156,1,'高级设置',1,NULL,'',''),(222,'自学习',156,1,'自学习',1,NULL,'',''),(223,'动态建模',156,0,'动态建模',0,NULL,'',''),(224,'非法外联',156,1,'非法外联',1,NULL,'',''),(225,'DDOS防护',156,1,'DDOS防护',1,NULL,'',''),(226,'安全管理',156,1,'安全管理',1,NULL,'',''),(227,'网页防篡改',156,0,'网页防篡改',2,NULL,'',''),(228,'内置规则',220,0,'rules/index',1,NULL,'',''),(229,'自定义规则',220,0,'rules-custom/index',1,NULL,'',''),(230,'规则模板设置',220,0,'rules-set/index',1,NULL,'',''),(231,'访问控制',220,0,'base-visit/index',1,NULL,'',''),(232,'HTTP防溢出设置',221,0,'overflow/config',1,NULL,'',''),(233,'HTTP请求动作过滤',221,0,'filter/config',1,NULL,'',''),(234,'HTTP请求内容过滤',221,0,'http-content-type/config',1,NULL,'',''),(235,'HTTP协议版本过滤',221,0,'protocol-version/config',1,NULL,'',''),(236,'HTTP头字段设置',221,0,'http-header/config',1,NULL,'',''),(237,'文件扩展名过滤',221,0,'file-extension/config',1,NULL,'',''),(238,'服务器信息隐藏',221,0,'server-header-hide/config',1,NULL,'',''),(239,'敏感词过滤设置',221,0,'sensitive-word/config',1,NULL,'',''),(240,'防盗链设置',221,0,'host-link-protection/config',1,NULL,'',''),(241,'爬虫防护设置',221,0,'spider-defend/config',1,NULL,'',''),(242,'防误报设置',221,0,'misdeclaration-defend/index',1,NULL,'',''),(243,'自学习设置',222,1,'self-study-set/config',1,NULL,'',''),(244,'自学习访问白名单',222,1,'self-study-white-ip/index',1,NULL,'',''),(245,'自学习结果',222,0,'self-study-result/config',1,NULL,'',''),(246,'非法外联检测',224,1,'out-link/index',1,NULL,'',''),(247,'非法外联设置',224,1,'out-link-set/config',1,NULL,'',''),(248,'智能阻断设置',225,1,'smart-block/config',1,NULL,'',''),(249,'DDOS防护设置',225,1,'d-dos-set/config',1,NULL,'',''),(250,'CC防护设置',225,1,'cc-set/config',1,NULL,'',''),(251,'可用性监测',226,1,'site-status/index',1,NULL,'',''),(252,'开启云防护',226,0,'protect/index',1,NULL,'',''),(254,'漏洞扫描',226,0,'vulnerability-scan/index',1,NULL,'',''),(255,'返回页面设置',226,0,'error-list/index',1,NULL,'',''),(267,'新增',244,0,'self-study-white-ip/create',1,NULL,'',''),(268,'更新',228,0,'rules/update',1,NULL,'',''),(269,'系统监控',0,1,'系统监控',1,NULL,'','xtjk'),(270,'信息概况',269,0,'sys-status-info/index',1,NULL,'',''),(271,'网络流量监控',269,0,'/systemwaf/traffic',1,NULL,'sys-network-flow-monitoring/index',''),(272,'设备负载监控',269,0,'/systemwaf/use',1,NULL,'sys-load-monitoring/index',''),(273,'WEB应用监控',269,0,'sys-web-app-monitoring/index',0,NULL,'',''),(274,'授权信息',269,0,'sys-authorization-info/config',1,NULL,'',''),(277,'更新',244,0,'self-study-white-ip/update',1,NULL,'',''),(282,'删除',244,0,'self-study-white-ip/delete',1,NULL,'',''),(287,'更新',229,0,'rules-custom/update',1,NULL,'',''),(288,'删除',229,0,'rules-custom/delete',1,NULL,'',''),(289,'新增',229,0,'rules-custom/create',1,NULL,'',''),(292,'删除',25,0,'log-admin/delete',1,NULL,'',''),(295,'更新',246,0,'out-link/update',1,NULL,'',''),(296,'删除',246,0,'out-link/delete',1,NULL,'',''),(299,'删除',230,0,'rules-set/delete',1,NULL,'',''),(300,'新增',230,0,'rules-set/create',1,NULL,'',''),(301,'更新',242,0,'misdeclaration-defend/update',1,NULL,'',''),(302,'删除',242,0,'misdeclaration-defend/delete',1,NULL,'',''),(308,'更新',230,0,'rules-set/update',1,NULL,'',''),(313,'删除',231,0,'base-visit/delete',1,NULL,'',''),(314,'新增',231,0,'base-visit/create',1,NULL,'',''),(315,'更新',231,0,'base-visit/update',1,NULL,'',''),(317,'新增',255,0,'error-list/create',1,NULL,'',''),(318,'删除',255,0,'error-list/delete',1,NULL,'',''),(319,'编辑',255,0,'error-list/update',1,NULL,'',''),(321,'WEB站点流量',273,0,'sys-web-app-monitoring/net-flow',1,NULL,'',''),(322,'新建连接数 与 处理事务数',273,0,'sys-web-app-monitoring/connect',1,NULL,'',''),(323,'并发连接数',273,0,'sys-web-app-monitoring/concurrency',1,NULL,'',''),(325,'日志配置',133,1,'日志配置',1,NULL,'',''),(326,'系统日志',133,0,'/Syslog/Index.htm5',1,NULL,'',''),(327,'入侵日志(WAF)',133,0,'invade/index',1,NULL,'',''),(328,'DDOS日志(WAF)',133,0,'ddos/index',1,NULL,'',''),(329,'CC日志(WAF)',133,0,'cclogs/index',1,NULL,'',''),(330,'非法外联日志(WAF)',133,0,'out-link-log/index',1,NULL,'',''),(331,'智能阻断日志(WAF)',133,0,'smart-block-log/index',1,NULL,'',''),(332,'异常上传文件日志(WAF)',133,0,'uploaded-file-log/index',1,NULL,'',''),(333,'防火墙日志',133,0,'/Fwlog/IndexFw.htm5',1,NULL,'',''),(334,'入侵防御日志',133,0,'/Fwlog/IndexIps.htm5',0,NULL,'',''),(335,'web应用防护日志',133,0,'/Protectlog/IndexWeb.htm5',0,NULL,'',''),(336,'病毒防护日志',133,0,'/Protectlog/IndexCode.htm5',0,NULL,'',''),(337,'信息泄漏防护日志',133,0,'/Protectlog/IndexInfo.htm5',0,NULL,'',''),(338,'DDOS防护日志',133,0,'/Ddoslog/Index.htm5',0,NULL,'',''),(339,'应用管控日志',133,0,'/Applylog/Index.htm5',1,NULL,'',''),(340,'url访问日志',133,0,'/Urllog/Index.htm5',0,NULL,'',''),(341,'日志库',133,0,'/Loglab/Index.htm5',1,NULL,'',''),(342,'用户认证日志',133,0,'/Userslog/Index.htm5',1,NULL,'',''),(343,'网中网检测日志',133,0,'/Sharelog/Index.htm5',1,NULL,'',''),(344,'IpsecVPN日志',133,0,'/Ipseclog/Index.htm5',1,NULL,'',''),(347,'新增',251,0,'site-status/create',1,NULL,'',''),(349,'删除',251,0,'site-status/delete',1,NULL,'',''),(350,'查看',251,0,'site-status/view',1,NULL,'',''),(353,'更新',251,0,'site-status/update',1,NULL,'',''),(355,'更新2',177,0,'ha-setting/update-test',0,NULL,'',''),(356,'删除',327,0,'invade/delete',1,NULL,'',''),(362,'查看',205,0,'sys-join-up/view',0,NULL,'',''),(363,'添加',205,0,'sys-join-up/create',1,NULL,'',''),(364,'更新',205,0,'sys-join-up/update',1,NULL,'',''),(365,'删除',205,0,'sys-join-up/delete',1,NULL,'',''),(366,'新增',254,0,'vulnerability-scan/create',1,NULL,'',''),(367,'添加',215,0,'report-timer/create',1,NULL,'',''),(368,'更新',215,0,'report-timer/update',1,NULL,'',''),(369,'删除',215,0,'report-timer/delete',1,NULL,'',''),(370,'删除',216,0,'report-manage/delete',1,NULL,'',''),(371,'下载',216,0,'report-manage/report-download',1,NULL,'',''),(372,'删除',254,0,'vulnerability-scan/delete',1,NULL,'',''),(373,'更新',327,0,'invade/update',1,NULL,'',''),(374,'查看',254,0,'vulnerability-scan/view',1,NULL,'',''),(375,'首页定制保存',270,0,'sys-status-info/user-config-save',1,NULL,'',''),(376,'导出',327,0,'invade/export',1,NULL,'',''),(377,'网站访问分析(当月)',270,0,'sys-status-info/get-web-visit-info',1,NULL,'',''),(378,'下载',254,0,'vulnerability-scan/download',1,NULL,'',''),(379,'更新',254,0,'vulnerability-scan/update',1,NULL,'',''),(382,'入侵数量统计(当月)',270,0,'sys-status-info/get-invade-info-count',1,NULL,'',''),(383,'入侵类别统计(当月)',270,0,'sys-status-info/get-invade-info-sort',1,NULL,'',''),(384,'产品信息',270,0,'sys-status-info/get-product-info',1,NULL,'',''),(385,'综合分析(按天)',270,0,'sys-status-info/get-comprehensive-analysis-day',1,NULL,'',''),(386,'综合分析(按月)',270,0,'sys-status-info/get-comprehensive-analysis-month',1,NULL,'',''),(389,'删除',330,0,'out-link-log/delete',1,NULL,'',''),(390,'添加黑白名单',330,0,'out-link-log/create',1,NULL,'',''),(393,'删除',328,0,'ddos/delete',1,NULL,'',''),(395,'导出',328,0,'ddos/export',1,NULL,'',''),(397,'导出',330,0,'out-link-log/export',1,NULL,'',''),(400,'删除',329,0,'cclogs/delete',1,NULL,'',''),(403,'导出',329,0,'cclogs/export',1,NULL,'',''),(406,'删除',331,0,'smart-block-log/delete',1,NULL,'',''),(408,'导出',331,0,'smart-block-log/export',1,NULL,'',''),(409,'帮助支持',0,0,'帮助支持',2,NULL,'',''),(410,'应急支持',409,0,'helper/sos',1,NULL,'',''),(411,'攻击报表预览',212,0,'report-attack/preview-create',2,NULL,'',''),(414,'删除',332,0,'uploaded-file-log/delete',1,NULL,'',''),(416,'导出',332,0,'uploaded-file-log/export',1,NULL,'',''),(419,'访问流量报表预览',213,0,'report-visit-flow/preview-create',2,NULL,'',''),(425,'查看',332,0,'uploaded-file-log/view',1,NULL,'',''),(429,'访问控制配置开关',205,0,'sys-join-up/change-mode',1,NULL,'',''),(431,'OCR拦截',221,1,'ocr-set/config',1,1,'',''),(432,'透明代理',51,0,'t-proxy/index',1,5,'',''),(435,'反向代理',51,0,'proxy/index',1,6,'',''),(436,'新增',432,0,'t-proxy/create',1,NULL,'',''),(437,'更新',432,0,'t-proxy/update',1,NULL,'',''),(438,'删除',432,0,'t-proxy/delete',1,NULL,'',''),(443,'新增',435,0,'proxy/create',1,NULL,'',''),(444,'删除',435,0,'proxy/delete',1,NULL,'',''),(446,'更新',435,0,'proxy/update',1,NULL,'',''),(449,'Bypass设置',152,0,'by-pass/config',1,NULL,'',''),(451,'多语言',1,1,'多语言',1,NULL,'',''),(452,'语言检测',451,0,'language/language-check',1,NULL,'',''),(453,'导出语言包',451,0,'language/lang-export',1,NULL,'',''),(454,'导入语言包',451,0,'language/lang-import',1,NULL,'',''),(455,'语言KEY',451,0,'language/lang-source-symbol',1,NULL,'',''),(456,'检查翻译字符唯一',451,0,'language/lang-new-word-check',1,NULL,'',''),(459,'系统工具',150,1,'/Systemsetting/Index.htm5',1,NULL,'',''),(460,'系统配置',459,0,'/Systemsetting/TimeSet.htm5',0,NULL,'',''),(461,'WEB控制配置',459,0,'/Systemsetting/WebSet.htm5',0,NULL,'',''),(462,'SNMP',459,0,'/Systemsetting/SnmpSet.htm5',1,NULL,'',''),(463,'网络测试',459,0,'/Systemsetting/WebTestSet.htm5',1,NULL,'',''),(464,'系统时间',459,0,'/Systemsetting/TimeSets.htm5',1,NULL,'',''),(465,'抓包工具',459,0,'/Systemsetting/PacketCapture.htm5',1,NULL,'',''),(466,'组播路由转发',459,0,'/Systemsetting/RouterForward.htm5',1,NULL,'',''),(467,'网中网检测',459,0,'/Systemsetting/NetInNet.htm5',1,NULL,'',''),(468,'WAF规则翻译',1,1,'WAF规则翻译',1,NULL,'',''),(469,'WAF规则翻译导出',468,0,'language/waf-rules-export',1,NULL,'',''),(470,'WAF规则翻译导入',468,0,'language/waf-rules-import',1,NULL,'',''),(471,'创建语言库文件',451,0,'language/create-language-base-file',1,NULL,'',''),(472,'重启关机',153,0,'/Systemmaintenance/Reboot.htm5',1,NULL,'',''),(473,'syslog服务器',325,0,'/Logconf/Syslog.htm5',1,NULL,'',''),(474,'日志配置',325,0,'/Logconf/Indexconf.htm5',1,NULL,'',''),(475,'邮件测试',325,0,'/Logconf/Mailtest.htm5',1,NULL,'',''),(476,'日志入库归档',325,0,'/Logconf/LogtoDB.htm5',1,NULL,'',''),(477,'初始化',1,1,'waf初始化',1,NULL,'',''),(478,'waf账号同步',477,0,'test/sync-waf-and-firewall-user',1,NULL,'','');
/*!40000 ALTER TABLE `sys_user_menu` ENABLE KEYS */;
UNLOCK TABLES;

--
-- Table structure for table `sys_user_group`
--

DROP TABLE IF EXISTS `sys_user_group`;
/*!40101 SET @saved_cs_client     = @@character_set_client */;
/*!40101 SET character_set_client = utf8 */;
CREATE TABLE `sys_user_group` (
  `id` int(11) NOT NULL AUTO_INCREMENT COMMENT '主键',
  `group_name` varchar(100) DEFAULT '' COMMENT '组别名称',
  `enable` tinyint(1) DEFAULT '1' COMMENT '是否启用，1：true,0:false',
  `descr` varchar(300) DEFAULT '' COMMENT '描述',
  `firewall_user_role` int(11) NOT NULL DEFAULT '3',
  PRIMARY KEY (`id`),
  UNIQUE KEY `group_name` (`group_name`)
) ENGINE=InnoDB AUTO_INCREMENT=5 DEFAULT CHARSET=utf8;
/*!40101 SET character_set_client = @saved_cs_client */;

--
-- Dumping data for table `sys_user_group`
--

LOCK TABLES `sys_user_group` WRITE;
/*!40000 ALTER TABLE `sys_user_group` DISABLE KEYS */;
INSERT INTO `sys_user_group` VALUES (1,'超级管理员',1,'',0),(2,'系统管理员',1,'',1),(3,'安全管理员',1,'',2),(4,'安全审计员',1,'',3);
/*!40000 ALTER TABLE `sys_user_group` ENABLE KEYS */;
UNLOCK TABLES;

--
-- Table structure for table `sys_user_authority`
--

DROP TABLE IF EXISTS `sys_user_authority`;
/*!40101 SET @saved_cs_client     = @@character_set_client */;
/*!40101 SET character_set_client = utf8 */;
CREATE TABLE `sys_user_authority` (
  `id` int(11) NOT NULL AUTO_INCREMENT COMMENT '主键',
  `group_id` int(11) DEFAULT '0' COMMENT '权限组ID',
  `sys_menu_id` int(11) DEFAULT '0',
  `enable` int(1) DEFAULT '1' COMMENT '是否启用，1：true,0:false',
  PRIMARY KEY (`id`),
  UNIQUE KEY `group_menu_key` (`group_id`,`sys_menu_id`),
  KEY `idx_group_id` (`group_id`) USING BTREE,
  KEY `idx_sys_menu_id` (`sys_menu_id`) USING BTREE,
  CONSTRAINT `group_id_fk` FOREIGN KEY (`group_id`) REFERENCES `sys_user_group` (`id`) ON DELETE CASCADE,
  CONSTRAINT `sys_menu_id_fk` FOREIGN KEY (`sys_menu_id`) REFERENCES `sys_user_menu` (`id`) ON DELETE CASCADE
) ENGINE=InnoDB AUTO_INCREMENT=1524 DEFAULT CHARSET=utf8;
/*!40101 SET character_set_client = @saved_cs_client */;

--
-- Dumping data for table `sys_user_authority`
--

LOCK TABLES `sys_user_authority` WRITE;
/*!40000 ALTER TABLE `sys_user_authority` DISABLE KEYS */;
INSERT INTO `sys_user_authority` VALUES (1,1,1,1),(2,1,2,1),(3,1,3,1),(4,1,4,1),(5,1,5,1),(6,1,6,1),(7,1,7,1),(8,1,8,1),(9,1,9,1),(10,1,10,1),(11,1,11,1),(12,1,12,1),(13,1,13,1),(14,1,14,1),(15,1,15,1),(16,1,16,1),(17,1,17,1),(18,1,18,1),(19,1,19,1),(20,1,20,1),(21,1,21,1),(22,1,22,1),(23,1,23,1),(24,1,24,1),(25,1,25,1),(26,1,26,1),(27,1,27,1),(28,1,28,1),(29,1,29,1),(30,1,30,1),(31,1,31,1),(32,1,32,1),(33,1,33,1),(34,1,34,1),(35,1,35,1),(36,1,36,1),(37,1,37,1),(38,1,38,1),(39,1,39,1),(40,1,40,1),(41,1,41,1),(42,1,42,1),(43,1,43,1),(44,1,44,1),(45,1,45,1),(46,1,46,1),(47,1,47,1),(48,1,48,1),(49,1,49,1),(50,1,50,1),(51,2,1,0),(52,2,2,0),(53,2,3,0),(54,2,4,0),(55,2,5,0),(56,2,6,0),(57,2,7,0),(58,2,8,0),(59,2,9,0),(60,2,10,0),(61,2,11,0),(62,2,12,0),(63,2,13,0),(64,2,14,0),(65,2,15,0),(66,2,16,0),(67,2,17,0),(68,2,18,0),(69,2,19,0),(70,2,20,1),(71,2,21,1),(72,2,22,1),(73,2,23,1),(74,2,24,1),(75,2,25,1),(76,2,26,1),(77,2,27,1),(78,2,28,1),(79,2,29,0),(80,2,30,0),(81,2,31,1),(82,2,32,0),(83,2,33,0),(84,2,34,0),(85,2,35,0),(86,2,36,0),(87,2,37,0),(88,2,38,0),(89,2,39,0),(90,2,40,0),(91,2,41,0),(92,2,42,0),(93,2,43,0),(94,2,44,0),(95,2,45,0),(96,2,46,0),(97,2,47,0),(98,2,48,0),(99,2,49,0),(100,2,50,0),(101,1,51,1),(102,2,51,1),(103,1,52,1),(104,2,52,1),(105,1,53,1),(106,2,53,1),(107,1,54,1),(108,2,54,1),(109,1,55,1),(110,2,55,1),(111,1,56,1),(112,2,56,1),(113,1,57,1),(114,2,57,1),(115,1,58,1),(116,2,58,1),(117,1,59,1),(118,2,59,1),(119,1,60,1),(120,2,60,1),(121,1,61,1),(122,2,61,1),(123,1,62,1),(124,2,62,1),(125,1,63,1),(126,2,63,0),(127,1,64,1),(128,2,64,1),(129,1,65,1),(130,2,65,1),(131,1,66,1),(132,2,66,1),(133,1,67,1),(134,2,67,1),(135,1,68,1),(136,2,68,1),(137,1,69,1),(138,2,69,0),(139,1,70,1),(140,2,70,1),(141,1,71,1),(142,2,71,1),(143,1,72,1),(144,2,72,1),(145,1,73,1),(146,2,73,1),(147,1,74,1),(148,2,74,1),(149,1,75,1),(150,2,75,1),(151,1,76,1),(152,2,76,1),(153,1,77,1),(154,2,77,1),(155,1,78,1),(156,2,78,0),(157,1,79,1),(158,2,79,1),(159,1,80,1),(160,2,80,1),(161,1,81,1),(162,2,81,1),(163,1,82,1),(164,2,82,1),(165,1,83,1),(166,2,83,1),(167,1,84,1),(168,2,84,1),(169,1,85,1),(170,2,85,1),(171,1,86,1),(172,2,86,1),(173,1,87,1),(174,2,87,1),(175,1,88,1),(176,2,88,1),(177,1,89,1),(178,2,89,1),(179,1,90,1),(180,2,90,1),(181,1,91,1),(182,2,91,1),(183,1,92,1),(184,2,92,0),(185,1,93,1),(186,2,93,1),(187,1,94,1),(188,2,94,1),(189,1,95,1),(190,2,95,1),(191,1,96,1),(192,2,96,1),(193,1,97,1),(194,2,97,1),(195,1,98,1),(196,2,98,1),(197,1,99,1),(198,2,99,1),(199,1,100,1),(200,2,100,1),(201,1,101,1),(202,2,101,1),(203,1,102,1),(204,2,102,1),(205,1,103,1),(206,2,103,1),(207,1,104,1),(208,2,104,1),(209,1,105,1),(210,2,105,0),(211,1,106,1),(212,2,106,1),(213,1,107,1),(214,2,107,1),(215,1,108,1),(216,2,108,1),(217,1,109,1),(218,2,109,1),(219,1,110,1),(220,2,110,1),(221,1,111,1),(222,2,111,1),(223,1,112,1),(224,2,112,1),(225,1,113,1),(226,2,113,1),(227,1,114,1),(228,2,114,1),(229,1,115,1),(230,2,115,1),(231,1,116,1),(232,2,116,1),(233,1,117,1),(234,2,117,1),(235,1,118,1),(236,2,118,1),(237,1,119,1),(238,2,119,1),(239,1,120,1),(240,2,120,1),(241,1,121,1),(242,2,121,1),(243,1,122,1),(244,2,122,1),(245,1,123,1),(246,2,123,1),(247,1,124,1),(248,2,124,1),(249,1,125,1),(250,2,125,0),(251,1,126,1),(252,2,126,1),(253,1,127,1),(254,2,127,1),(255,1,128,1),(256,2,128,0),(257,1,129,1),(258,2,129,1),(259,1,130,1),(260,2,130,1),(261,1,131,1),(262,2,131,1),(263,1,132,1),(264,2,132,1),(265,1,133,1),(266,2,133,0),(289,1,145,1),(290,2,145,1),(297,1,149,1),(298,2,149,0),(299,1,150,1),(300,2,150,1),(301,1,151,1),(302,2,151,0),(303,1,152,1),(304,2,152,1),(305,1,153,1),(306,2,153,1),(307,1,154,1),(308,2,154,0),(309,1,155,1),(310,2,155,1),(311,3,1,0),(312,3,2,0),(313,3,3,0),(314,3,4,0),(315,3,5,0),(316,3,6,0),(317,3,7,0),(318,3,8,0),(319,3,9,0),(320,3,10,0),(321,3,11,0),(322,3,12,0),(323,3,13,0),(324,3,14,0),(325,3,15,0),(326,3,16,0),(327,3,17,0),(328,3,18,0),(329,3,19,0),(330,3,20,0),(331,3,21,0),(332,3,22,0),(333,3,23,0),(334,3,24,0),(335,3,25,0),(336,3,26,0),(337,3,27,0),(338,3,28,0),(339,3,29,0),(340,3,30,0),(341,3,31,0),(342,3,32,0),(343,3,33,0),(344,3,34,0),(345,3,35,0),(346,3,36,0),(347,3,37,0),(348,3,38,0),(349,3,39,0),(350,3,40,0),(351,3,41,0),(352,3,42,0),(353,3,43,0),(354,3,44,0),(355,3,45,0),(356,3,46,0),(357,3,47,0),(358,3,48,0),(359,3,49,0),(360,3,50,0),(361,3,51,0),(362,3,52,0),(363,3,53,0),(364,3,54,0),(365,3,55,0),(366,3,56,0),(367,3,57,0),(368,3,58,0),(369,3,59,0),(370,3,60,0),(371,3,61,0),(372,3,62,0),(373,3,63,1),(374,3,64,1),(375,3,65,1),(376,3,66,1),(377,3,67,1),(378,3,68,1),(379,3,69,1),(380,3,70,1),(381,3,71,1),(382,3,72,1),(383,3,73,1),(384,3,74,1),(385,3,75,1),(386,3,76,1),(387,3,77,1),(388,3,78,1),(389,3,79,1),(390,3,80,1),(391,3,81,1),(392,3,82,1),(393,3,83,1),(394,3,84,1),(395,3,85,1),(396,3,86,1),(397,3,87,1),(398,3,88,1),(399,3,89,0),(400,3,90,0),(401,3,91,0),(402,3,92,1),(403,3,93,1),(404,3,94,1),(405,3,95,1),(406,3,96,1),(407,3,97,1),(408,3,98,1),(409,3,99,1),(410,3,100,1),(411,3,101,1),(412,3,102,1),(413,3,103,1),(414,3,104,1),(415,3,105,1),(416,3,106,1),(417,3,107,1),(418,3,108,1),(419,3,109,1),(420,3,110,1),(421,3,111,1),(422,3,112,1),(423,3,113,1),(424,3,114,1),(425,3,115,1),(426,3,116,1),(427,3,117,1),(428,3,118,1),(429,3,119,1),(430,3,120,1),(431,3,121,1),(432,3,122,1),(433,3,123,1),(434,3,124,1),(435,3,125,1),(436,3,126,1),(437,3,127,1),(438,3,128,1),(439,3,129,1),(440,3,130,1),(441,3,131,1),(442,3,132,1),(443,3,133,1),(455,3,145,1),(459,3,149,1),(460,3,150,0),(461,3,151,0),(462,3,152,0),(463,3,153,0),(464,3,154,0),(465,3,155,1),(621,1,156,1),(622,1,157,1),(623,1,158,1),(625,1,160,1),(626,1,161,1),(627,1,162,1),(628,1,163,1),(642,1,177,1),(643,1,178,1),(645,1,181,1),(651,1,187,1),(652,1,188,1),(654,1,190,1),(656,1,192,1),(659,1,196,1),(661,1,198,1),(667,1,204,1),(668,1,205,1),(672,1,209,1),(674,1,211,1),(675,1,212,1),(676,1,213,1),(677,1,214,1),(678,1,215,1),(679,1,216,1),(682,1,220,1),(683,1,221,1),(684,1,232,1),(685,1,233,1),(686,1,234,1),(687,1,235,1),(688,1,236,1),(689,1,237,1),(690,1,238,1),(691,1,239,1),(692,1,240,1),(693,1,241,1),(694,1,242,1),(697,1,228,1),(698,1,229,1),(699,1,230,1),(700,1,231,1),(706,1,243,1),(708,1,222,1),(709,1,244,1),(710,1,245,1),(715,1,267,1),(716,1,268,1),(717,2,269,1),(718,2,270,1),(719,2,271,1),(720,2,272,1),(721,2,273,1),(722,2,274,1),(723,1,269,1),(724,1,270,1),(725,1,271,1),(726,1,272,1),(727,1,273,1),(728,1,274,1),(731,1,277,1),(736,1,282,1),(742,1,287,1),(743,1,288,1),(744,1,289,1),(747,1,224,1),(748,1,246,1),(749,1,247,1),(750,1,292,1),(753,1,295,1),(754,1,296,1),(757,1,299,1),(758,1,300,1),(759,1,301,1),(760,1,302,1),(763,1,248,1),(764,1,249,1),(765,1,250,1),(766,1,252,1),(767,1,225,1),(771,1,226,1),(772,1,251,1),(773,1,254,1),(774,1,255,1),(775,1,308,1),(780,1,313,1),(781,1,314,1),(782,1,315,1),(784,1,317,1),(785,1,318,1),(786,1,319,1),(788,1,321,1),(789,1,323,1),(790,1,322,1),(791,1,325,1),(792,1,326,1),(793,1,327,1),(794,1,328,1),(795,1,329,1),(796,1,330,1),(797,1,331,1),(798,1,332,1),(799,1,333,1),(800,1,334,1),(801,1,335,1),(802,1,336,1),(803,1,337,1),(804,1,338,1),(805,1,339,1),(806,1,340,1),(807,1,341,1),(808,1,342,1),(809,1,343,1),(810,1,344,1),(813,1,347,1),(815,1,349,1),(816,1,350,1),(819,1,353,1),(821,1,355,1),(822,1,356,1),(828,1,362,1),(829,1,363,1),(830,1,364,1),(831,1,365,1),(832,1,366,1),(833,1,369,1),(834,1,368,1),(835,1,367,1),(836,1,370,1),(837,1,371,1),(838,1,372,1),(839,1,373,1),(840,1,374,1),(841,1,375,1),(842,1,376,1),(843,1,377,1),(844,1,378,1),(845,1,379,1),(848,1,383,1),(849,1,382,1),(850,1,384,1),(851,1,385,1),(852,1,386,1),(855,1,389,1),(856,1,390,1),(859,1,393,1),(861,1,395,1),(863,1,397,1),(866,1,400,1),(869,1,403,1),(872,1,406,1),(874,1,408,1),(875,1,410,1),(876,1,409,1),(877,2,411,1),(878,1,411,1),(881,1,414,1),(883,1,416,1),(885,1,419,1),(886,2,409,1),(890,1,425,1),(894,1,429,1),(895,1,223,1),(896,1,227,1),(897,2,375,1),(898,2,377,1),(899,2,382,1),(900,2,383,1),(901,2,384,1),(902,2,385,1),(903,2,386,1),(904,2,321,1),(905,2,322,1),(906,2,323,1),(908,2,410,1),(909,2,292,1),(910,2,177,1),(911,2,355,1),(912,2,181,1),(914,2,188,1),(916,2,187,1),(918,2,190,1),(920,2,192,1),(922,2,196,1),(924,2,198,1),(926,2,209,1),(928,2,178,1),(935,2,204,1),(936,2,205,1),(937,2,363,1),(938,2,364,1),(939,2,365,1),(940,2,429,1),(941,2,325,1),(942,2,326,1),(943,2,327,1),(946,2,356,1),(950,2,373,1),(951,2,376,1),(952,2,328,1),(955,2,393,1),(957,2,395,1),(958,2,329,1),(961,2,400,1),(964,2,403,1),(965,2,330,1),(968,2,389,1),(969,2,390,1),(971,2,397,1),(972,2,331,1),(975,2,406,1),(976,2,408,1),(978,2,332,1),(981,2,414,1),(983,2,416,1),(984,2,425,1),(985,2,344,1),(986,2,343,1),(987,2,342,1),(988,2,341,1),(989,2,340,1),(990,2,339,1),(991,2,338,1),(992,2,337,1),(993,2,336,1),(994,2,335,1),(995,2,334,1),(996,2,333,1),(997,2,156,0),(998,2,157,1),(999,2,158,1),(1001,2,160,1),(1002,2,161,1),(1003,2,162,1),(1004,2,163,1),(1022,2,220,1),(1023,2,228,1),(1026,2,268,1),(1028,2,229,1),(1030,2,287,1),(1031,2,288,1),(1032,2,289,1),(1034,2,230,1),(1037,2,299,1),(1038,2,300,1),(1039,2,308,1),(1040,2,231,1),(1043,2,313,1),(1044,2,314,1),(1045,2,315,1),(1047,2,221,1),(1048,2,232,1),(1050,2,233,1),(1052,2,234,1),(1054,2,235,1),(1056,2,236,1),(1058,2,237,1),(1060,2,238,1),(1062,2,239,1),(1064,2,240,1),(1066,2,241,1),(1068,2,242,1),(1071,2,301,1),(1072,2,302,1),(1073,2,222,1),(1074,2,243,1),(1076,2,244,1),(1079,2,267,1),(1081,2,277,1),(1082,2,282,1),(1083,2,245,1),(1085,2,223,1),(1086,2,246,1),(1089,2,224,1),(1090,2,295,1),(1091,2,296,1),(1092,2,247,1),(1094,2,225,1),(1095,2,248,1),(1097,2,249,1),(1099,2,250,1),(1101,2,226,1),(1102,2,251,1),(1105,2,347,1),(1107,2,349,1),(1108,2,350,1),(1109,2,353,1),(1110,2,254,1),(1113,2,252,1),(1114,2,366,1),(1115,2,372,1),(1116,2,374,1),(1117,2,378,1),(1118,2,379,1),(1121,2,255,1),(1125,2,317,1),(1126,2,318,1),(1127,2,319,1),(1128,2,227,1),(1129,2,211,0),(1130,2,212,1),(1131,2,213,1),(1132,2,419,1),(1133,2,214,1),(1134,2,215,1),(1135,2,367,1),(1136,2,368,1),(1137,2,369,1),(1138,2,216,1),(1139,2,370,1),(1140,2,371,1),(1141,1,432,1),(1144,1,431,1),(1145,1,436,1),(1146,1,437,1),(1147,1,438,1),(1149,1,435,1),(1153,1,443,1),(1154,1,444,1),(1156,1,446,1),(1157,4,133,1),(1158,4,325,0),(1159,4,326,1),(1160,4,327,0),(1161,4,328,0),(1162,4,329,0),(1163,4,330,0),(1164,4,331,0),(1165,4,332,0),(1166,4,333,0),(1167,4,334,0),(1168,4,335,0),(1169,4,336,0),(1170,4,337,0),(1171,4,338,0),(1172,4,339,0),(1173,4,340,0),(1174,4,341,0),(1175,4,342,0),(1176,4,343,0),(1177,4,344,0),(1180,4,356,1),(1184,4,373,1),(1185,4,376,1),(1188,4,393,1),(1190,4,395,1),(1191,2,432,1),(1194,2,436,1),(1195,2,437,1),(1196,2,438,1),(1198,2,435,1),(1201,2,443,1),(1202,2,444,1),(1204,2,446,1),(1205,3,269,1),(1206,3,270,1),(1207,3,271,1),(1208,3,272,1),(1209,3,273,1),(1210,3,274,1),(1212,3,321,1),(1213,3,322,1),(1214,3,323,1),(1215,3,375,0),(1216,3,377,1),(1217,3,382,1),(1218,3,383,1),(1219,3,384,1),(1220,3,385,1),(1221,3,386,1),(1222,3,410,1),(1223,3,409,1),(1224,3,211,1),(1225,3,156,1),(1226,3,325,1),(1227,3,326,1),(1228,3,327,1),(1229,3,328,1),(1230,3,329,1),(1231,3,330,1),(1232,3,331,1),(1233,3,332,1),(1234,3,333,1),(1235,3,334,1),(1236,3,335,1),(1237,3,336,1),(1238,3,337,1),(1239,3,338,1),(1240,3,339,1),(1241,3,340,1),(1242,3,341,1),(1243,3,342,1),(1244,3,343,1),(1245,3,344,1),(1248,3,356,1),(1252,3,373,1),(1253,3,376,1),(1256,3,393,1),(1258,3,395,1),(1261,3,400,1),(1264,3,403,1),(1267,3,389,1),(1268,3,390,1),(1270,3,397,1),(1273,3,406,1),(1275,3,408,1),(1278,3,414,1),(1280,3,416,1),(1281,3,425,1),(1282,3,157,1),(1283,3,220,1),(1284,3,221,1),(1285,3,222,1),(1286,3,223,1),(1287,3,224,1),(1288,3,225,1),(1289,3,226,1),(1290,3,227,1),(1291,3,160,1),(1292,3,158,1),(1294,3,161,1),(1295,3,162,1),(1296,3,163,1),(1314,3,228,1),(1315,3,229,1),(1316,3,230,1),(1317,3,231,1),(1320,3,268,1),(1324,3,287,1),(1325,3,288,1),(1326,3,289,1),(1330,3,299,1),(1331,3,300,1),(1332,3,308,1),(1334,3,315,1),(1335,3,314,1),(1338,3,313,1),(1339,3,232,1),(1340,3,233,1),(1341,3,234,1),(1342,3,235,1),(1343,3,236,1),(1344,3,237,1),(1345,3,238,1),(1346,3,239,1),(1347,3,431,1),(1348,3,242,1),(1349,3,241,1),(1350,3,240,1),(1363,3,301,1),(1365,3,302,1),(1366,3,245,1),(1367,3,244,1),(1368,3,243,1),(1372,3,267,1),(1374,3,277,1),(1375,3,282,1),(1377,3,247,1),(1378,3,246,1),(1379,3,296,1),(1380,3,295,1),(1384,3,250,1),(1385,3,249,1),(1386,3,248,1),(1390,3,251,1),(1391,3,252,1),(1392,3,254,1),(1393,3,255,1),(1396,3,319,1),(1397,3,318,1),(1398,3,317,1),(1402,3,366,1),(1403,3,372,1),(1404,3,374,1),(1405,3,378,1),(1406,3,379,1),(1411,3,347,1),(1413,3,349,1),(1414,3,350,1),(1415,3,353,1),(1416,3,216,1),(1417,3,215,1),(1418,3,213,1),(1419,3,212,1),(1420,3,214,1),(1421,3,411,1),(1422,3,419,1),(1423,3,369,1),(1424,3,368,1),(1425,3,367,1),(1426,3,371,1),(1427,3,370,1),(1430,4,400,1),(1433,4,403,1),(1436,4,389,1),(1437,4,390,1),(1439,4,397,1),(1440,4,425,1),(1441,4,416,1),(1443,4,414,1),(1446,4,408,1),(1448,4,406,1),(1451,4,149,0),(1452,4,269,1),(1453,4,270,1),(1454,4,271,1),(1455,4,272,1),(1456,4,273,1),(1457,4,274,1),(1459,4,321,1),(1460,4,322,1),(1461,4,323,1),(1462,4,375,0),(1463,4,377,1),(1464,4,382,1),(1465,4,383,1),(1466,4,384,1),(1467,4,385,1),(1468,4,386,1),(1469,4,409,1),(1470,4,410,1),(1471,4,155,1),(1474,1,449,1),(1476,1,451,1),(1477,1,452,1),(1478,1,453,1),(1479,1,454,1),(1480,1,455,1),(1481,1,456,1),(1484,1,459,1),(1485,1,467,1),(1486,1,466,1),(1487,1,465,1),(1488,1,464,1),(1489,1,463,1),(1490,1,462,1),(1491,1,461,1),(1492,1,460,1),(1493,2,467,1),(1494,2,466,1),(1495,2,465,1),(1496,2,464,1),(1497,2,463,1),(1498,2,462,1),(1499,2,461,1),(1500,2,460,1),(1501,2,459,1),(1502,3,459,0),(1503,3,460,0),(1504,3,461,0),(1505,3,462,0),(1506,3,463,0),(1507,3,464,0),(1508,3,465,0),(1509,3,466,0),(1510,3,467,0),(1511,1,470,1),(1512,1,469,1),(1513,1,468,1),(1514,1,471,1),(1515,2,449,1),(1516,1,472,1),(1517,2,472,1),(1518,1,473,1),(1519,1,474,1),(1520,1,475,1),(1521,1,476,1),(1522,1,477,1),(1523,1,478,1);
/*!40000 ALTER TABLE `sys_user_authority` ENABLE KEYS */;
UNLOCK TABLES;

--
-- Table structure for table `config`
--

DROP TABLE IF EXISTS `config`;
/*!40101 SET @saved_cs_client     = @@character_set_client */;
/*!40101 SET character_set_client = utf8 */;
CREATE TABLE `config` (
  `symbol` char(255) NOT NULL,
  `desc` char(255) DEFAULT NULL,
  `field_desc` text,
  `json` text,
  PRIMARY KEY (`symbol`)
) ENGINE=InnoDB DEFAULT CHARSET=utf8;
/*!40101 SET character_set_client = @saved_cs_client */;

--
-- Dumping data for table `config`
--

LOCK TABLES `config` WRITE;
/*!40000 ALTER TABLE `config` DISABLE KEYS */;
INSERT INTO `config` VALUES ('SensitiveWord','敏感词告警','status:是否开启，0-关闭，1-开启<br>\r\nurls	需要防护的url，留空则所有URL，多个则用‘|’分开,如 “/test|/test2”<br>\r\nexts:需要防护的文件扩展名，留空则为所有文件，多种类型则用‘|’隔开，如 “jgp|tar”<br>\r\nwords:敏感词，多个敏感词用‘|’隔开，如”法轮功|赌博”<br>\r\ncontent_size:需要处理的最大文件大小，超过这个阀值，则跳过处理<br>\r\nis_block:是否阻断，1-阻断，0-不阻断，默认0<br>\r\nalert_setting:告警设置，json格式，interval 邮件发送间隔（单位秒）\r\n{\"type\":\"email\",\"interval\":3600,\"email\":{\"receiver\":\"test@126.com\"}}<br>','{\"max_file_size\":\"22\",\"exts\":\"33\",\"urls\":\"xxx\",\"words\":\"vvv\",\"alert_config\":\"mmm\",\"status\":\"1\",\"is_block\":\"zzz\"}'),('SysLoginConfig','登录配置','max_error:登录尝试次数限制<br>\r\nlock_time:登录错误锁定时间(分钟)<br>\r\nmax_timeout:登录超时时间(分钟)<br>\r\nsystem_default_language:系统默认语言<br>','{\"max_error\":\"4\",\"lock_time\":\"1\",\"max_timeout\":\"300\",\"system_default_language\":\"en-US\"}');
/*!40000 ALTER TABLE `config` ENABLE KEYS */;
UNLOCK TABLES;

--
-- Table structure for table `t_mailset`
--

DROP TABLE IF EXISTS `t_mailset`;
/*!40101 SET @saved_cs_client     = @@character_set_client */;
/*!40101 SET character_set_client = utf8 */;
CREATE TABLE `t_mailset` (
  `id` int(11) NOT NULL AUTO_INCREMENT COMMENT '主键',
  `openMail` tinyint(3) NOT NULL DEFAULT '0' COMMENT '启用网关邮件功能: 0 off不启用； 1 on启用',
  `openPhone` tinyint(3) NOT NULL DEFAULT '0' COMMENT '启用手机报警开关: 0 off不启用； 1 on启用',
  `sender` varchar(45) DEFAULT NULL COMMENT '发件人邮箱',
  `username` varchar(45) DEFAULT NULL COMMENT '发件人名称--(废弃)',
  `password` varchar(45) DEFAULT NULL COMMENT '发件人密码',
  `smtpserver` varchar(45) DEFAULT NULL COMMENT 'SMTP服务器地址',
  `smtp_port` int(11) DEFAULT NULL COMMENT 'SMTP服务器端口',
  `receiver` varchar(45) DEFAULT NULL COMMENT '收件人邮箱',
  `receiver_phone` varchar(45) DEFAULT NULL COMMENT '收件人手机号码',
  PRIMARY KEY (`id`)
) ENGINE=MyISAM AUTO_INCREMENT=2 DEFAULT CHARSET=utf8 COMMENT='the mail config';
/*!40101 SET character_set_client = @saved_cs_client */;

--
-- Dumping data for table `t_mailset`
--

LOCK TABLES `t_mailset` WRITE;
/*!40000 ALTER TABLE `t_mailset` DISABLE KEYS */;
INSERT INTO `t_mailset` VALUES (1,1,1,'mailfortestt@163.com','mailfortestt','111111','smtp.163.com',80,'liqian@chinabluedon.cn','18588813578');
/*!40000 ALTER TABLE `t_mailset` ENABLE KEYS */;
UNLOCK TABLES;
/*!40103 SET TIME_ZONE=@OLD_TIME_ZONE */;

/*!40101 SET SQL_MODE=@OLD_SQL_MODE */;
/*!40014 SET FOREIGN_KEY_CHECKS=@OLD_FOREIGN_KEY_CHECKS */;
/*!40014 SET UNIQUE_CHECKS=@OLD_UNIQUE_CHECKS */;
/*!40101 SET CHARACTER_SET_CLIENT=@OLD_CHARACTER_SET_CLIENT */;
/*!40101 SET CHARACTER_SET_RESULTS=@OLD_CHARACTER_SET_RESULTS */;
/*!40101 SET COLLATION_CONNECTION=@OLD_COLLATION_CONNECTION */;
/*!40111 SET SQL_NOTES=@OLD_SQL_NOTES */;

-- Dump completed on 2017-12-19 16:01:58
